adherence_medA,adherence_medB
0.2283299305274299,0.19871955106840233
